	{

		"metadata": {
			"formatVersion" : 3.1,
			"generatedBy"   : "Blender 2.7 Exporter",
			"vertices"      : 8,
			"faces"         : 6,
			"normals"       : 8,
			"colors"        : 0,
			"uvs"           : [13],
			"materials"     : 1,
			"morphTargets"  : 0,
			"bones"         : 0
		},

			"scale" : 1.000000,
			
			"vertices" : [1,-1,-1,1,-1,1,-1,-1,1,-1,-1,-1,1,1,-1,0.999999,1,1,-1,1,1,-1,1,-1],
			"faces"    : [43,0,1,2,3,0,0,1,2,3,0,1,2,3,43,4,7,6,5,0,4,5,6,3,4,5,6,7,43,0,4,5,1,0,5,7,8,9,0,4,7,1,43,1,5,6,2,0,5,9,10,0,1,7,6,2,43,2,6,7,3,0,10,11,1,0,2,6,5,3,43,4,0,3,7,0,7,5,4,12,4,0,3,5],
			"uvs"      : [[0.666667,0.333333,1,0.333333,1,0.666667,0.666667,0.666667,0.333333,0.666667,0.333333,0.333333,0.666667,0.333334,0,0.333333,0,0,0.333333,0,0.666667,0,1,0,0,0.666667]],
			"normals"  : [0.577349,-0.577349,-0.577349,0.577349,-0.577349,0.577349,-0.577349,-0.577349,0.577349,-0.577349,-0.577349,-0.577349,0.577349,0.577349,-0.577349,-0.577349,0.577349,-0.577349,-0.577349,0.577349,0.577349,0.577349,0.577349,0.577349],
			
			"skinIndices"  : [],
			"skinWeights"  : [],
			"morphTargets" : [],
			
			"bones"      : [],
			"animations" : [],
			
			"colors"    : [],
			"materials" : [
				{
					"DbgColor": 15658734,
					"DbgIndex": 0,
					"DbgName": "Material",
					"blending": "NormalBlending",
					"colorAmbient": [0.800000011920929, 0.800000011920929, 0.800000011920929],
					"colorDiffuse": [0.800000011920929, 0.800000011920929, 0.800000011920929],
					"colorEmissive": [0.0, 0.0, 0.0],
					"colorSpecular": [1.0, 1.0, 1.0],
					"depthTest": true,
					"depthWrite": true,
					"mapDiffuse": "textura.png",
					"mapDiffuseWrap": ["repeat", "repeat"],
					"shading": "Lambert",
					"specularCoef": 50,
					"transparency": 1.0,
					"transparent": false,
					"vertexColors": false
				}
			]


	}
